<?xml version="1.0" encoding="UTF-8" standalone="yes"?>
<addon id="plugin.video.Kiwistream" name="Kiwistream" version="1.1.3" provider-name="Kiwistream.net">
  <requires>
    <import addon="xbmc.python" version="2.1.0"/>
  </requires>
  <extension point="xbmc.python.pluginsource" library="default.py">
        <provides>program executable</provides>
  </extension>
  <extension point="xbmc.addon.metadata">
    <summary lang="en">Kiwistream Wizard</summary>
    <description lang="en">Kiwistream Update Wizard</description>
	<disclaimer lang="en">For help and support ... Visit..Kiwistream.net or Facebook Kiwistream</disclaimer>
    <platform>all</platform>
  </extension>
</addon>
